Name,Callsign,Contest,Location,Category-Op,Category-Power,Club,Unique QSOs,Duplicate QSOs,Power Multiplier,Total-QSO Points,Multiplier Label,Multiplier Count,Phone QSOs,CW QSOs,Digital QSOs,Total Score
Douglas Nelson,AA0AW,DE-QSO-PARTY,MN,SINGLE-OP,LOW,Minnesota Wireless Assn,3,0,2,60,Delaware Counties,3,0,3,0,410
MARSHALL TOBUREN,AA0FO,IN7QPNE-QSO-PARTY,KS,SINGLE-OP,HIGH,KANSAS CITY CONTEST CLUB,2,0,1,30,Delaware Counties,1,1,1,0,80
Jon Zaimes,AA1K,DE-QSO-PARTY,KDE,SINGLE-OP,QRP,Frankford Radio Club,767,30,3,1534,States/Provinces,116,0,767,0,533882
Fred Tollin,AA3R,DE-QSO-PARTY,KDE,SINGLE-OP,HIGH,Frankford Radio Club,604,57,1,947,States/Provinces,76,261,343,0,72022
Dave Saul,AA4DD,IN7QPNE-QSO-PARTY,TN,SINGLE-OP,HIGH,Bristol (TN) ARC,3,0,1,60,Delaware Counties,3,0,3,0,230
RICHARD MAXEY JR.,AA5TL,7QP-QSO-PARTY,OR,SINGLE-OP,HIGH,CODXC,8,0,1,160,Delaware Counties,7,0,8,0,1170
Vadim Krasnoiarov,AA6MU,IN7QPNE-QSO-PARTY,SV,SINGLE-OP,LOW,,3,0,2,60,Delaware Counties,3,0,3,0,410
David M Kukulka,AB9BZ,7QP,IL,SINGLE-OP,QRP,NAQCC,1,0,3,20,Delaware Counties,1,0,1,0,110
KENNETH F SWEENEY,AC3DH,DE-QSO-PARTY,NDE,Single-Op,LOW,First State ARC,19,0,2,19,States/Provinces,14,19,0,0,582
Richard Cullen Jr,AC3MR,DE-QSO-PARTY,SDE,SINGLE-OP,LOW,,11,0,2,11,States/Provinces,11,11,0,0,292
Don Perese,AC5XK,IN7QPNE-QSO-PARTY,MDC,SINGLE-OP,LOW,Yankee Clipper Contest Club,3,0,2,60,Delaware Counties,3,0,3,0,410
Juan Lopez,AC6ZM,IN7QPNE-QSO-PARTY,TN,SINGLE-OP,LOW,Tennessee Contest Group,8,0,2,160,Delaware Counties,5,0,8,0,1650
Jim Hall,AD4EB,IN7QPNE-QSO-PARTY,TN,SINGLE-OP,HIGH,Tennessee Contest Group,9,0,1,180,Delaware Counties,6,0,9,0,1130
Michael Whaley,AF0F,IN7QPNE-QSO-PARTY,KS,SINGLE-OP,LOW,Kansas City Contest Club,7,1,2,110,Delaware Counties,5,3,4,0,1150
Michael Allen,AG4H,DEQP,AL,CHECKLOG,LOW,,3,0,2,30,Delaware Counties,3,3,0,0,230
DAN VASILCA,AI4WW,IN7QPNE-QSO-PARTY,SFL,SINGLE-OP,HIGH,GOLD COAST AMATEUR RADIO ASSOCIATION INC,2,0,1,40,Delaware Counties,2,0,2,0,130
Mark Simpson,AI5G,IN7QPNE-QSO-PARTY,MO,SINGLE-OP,LOW,Society of Midwest Contesters,6,0,2,110,Delaware Counties,5,1,5,0,1150
Ed Felter,AI6O,IN7QPNE-QSO-PARTY,MO,SINGLE-OP,LOW,Kansas City Contest Club,2,0,2,40,Delaware Counties,2,0,2,0,210
Masahiro Miura,AJ3M,IN7QPNE-QSO-PARTY,MDC,SINGLE-OP,HIGH,Potomac Valley Radio Club,4,0,1,80,Delaware Counties,3,0,4,0,290
Eric Carlson,AJ4LN,IN7QPNE-QSO-PARTY,VA,SINGLE-OP,LOW,Sterling Park ARC,2,0,2,20,Delaware Counties,2,2,0,0,130
DIETMAR KASPER,DL3DXX,DE-QSO-PARTY,(not found),(not found),LOW,BAVARIAN CONTEST CLUB,0,0,2,0,Delaware Counties,0,0,0,0,50
Ulf Ehrlich,DL5AXX,IN7QPNE-QSO-PARTY,(not found),SINGLE-OP,HIGH,(not found),10,0,1,200,Delaware Counties,8,0,10,0,1650
Dragan Davkovski,K0AP,IN7QPNE-QSO-PARTY,KS,SINGLE-OP,LOW,Kansas City Contest Club,3,0,2,60,Delaware Counties,3,0,3,0,410
Alan Higbie,K0AV,IN7QPNE-QSO-PARTY,CO,SINGLE-OP,LOW,Grand Mesa Contesters of Colorado,2,0,2,40,Delaware Counties,2,0,2,0,210
Roger Roth,K0MPH,IN7QPNE-QSO-PARTY,MN,SINGLE-OP,LOW,Minnesota Wireless Assn,6,1,2,120,Delaware Counties,5,0,6,0,1250
PAT CAIN,K0PC,IN7QPNE-QSO-PARTY,MN,SINGLE-OP,HIGH,MINNESOTA WIRELESS ASSN,3,0,1,60,Delaware Counties,3,0,3,0,230
Robert Chudek,K0RC,IN7QPNE-QSO-PARTY,MN,SINGLE-OP,LOW,Minnesota Wireless Assn,4,0,2,70,Delaware Counties,4,1,3,0,610
Charlie Chirhart,K0SV,IN7QPNE-QSO-PARTY,MN,SINGLE-OP,LOW,MINNESOTA  WIRELESS  ASSN,2,0,2,30,Delaware Counties,1,1,1,0,110
Ron Dodge,K0TC,IN7QPNE-QSO-PARTY,MN,SINGLE-OP,LOW,Minnesota Wireless Assn,6,0,2,120,Delaware Counties,3,0,6,0,770
Brad,K0TRL,IN7QPNE-QSO-PARTY,KS,SINGLE-OP,LOW,Kansas City Contest Club,1,0,2,10,Delaware Counties,1,1,0,0,70
Jeff Strandberg,K0UU,IN7QPNE-QSO-PARTY,MN,SINGLE-OP,LOW,Minnesota Wireless Assn,5,0,2,100,Delaware Counties,4,0,5,0,850
David Larrabee,K1BZ,DE-QSO-PARTY,ME,SINGLE-OP,HIGH,Yankee Clipper Contest Club,3,0,1,60,Delaware Counties,3,0,3,0,230
(not found),K1ECU,NEQP,CTSOE,(not found),LOW,(not found),0,0,2,0,Delaware Counties,0,0,0,0,50
Ed Parish,K1EP,NEWE-QSO-PARTY,ME,SINGLE-OP,HIGH,YANKEE CLIPPER CONTEST CLUB,13,0,1,250,Delaware Counties,7,1,12,0,1800
Raymond Crepeau,K1HG,DE-QSO-PARTY,NFL,K1HG,LOW,Florida Contest Group,4,0,2,40,Delaware Counties,3,4,0,0,290
Tom Frenaye,K1KI,NEWE-QSO-PARTY,CT,SINGLE-OP,HIGH,Yankee Clipper Contest Club,9,2,1,180,Delaware Counties,5,0,9,0,950
Doug Daniels,K1RDD,NEWE-QSO-PARTY,WMA,SINGLE-OP,LOW,,5,0,2,100,Delaware Counties,3,0,5,0,650
Mark Wilson,K1RO,DE-QSO-PARTY,NH,SINGLE-OP,LOW,YCCC,9,0,2,180,Delaware Counties,5,0,9,0,1850
Karen,K2KAR,IN7QPNE-QSO-PARTY,OH,SINGLE-OP,LOW,,4,0,2,80,Delaware Counties,2,0,4,0,370
Tim O'Neill,K2KT,IN7QPNE-QSO-PARTY,VA,SINGLE-OP,LOW,Alexandria RC,6,0,2,120,Delaware Counties,4,0,6,0,1010
Michael Kravitz,K2MK,IN7QPNE-QSO-PARTY,WCF,SINGLE-OP,LOW,,6,0,2,120,Delaware Counties,4,0,6,0,1010
STEPHEN OLSTER,K2MN,DE-QSO-PARTY,SNJ,SINGLE-OP,LOW,NONE,3,0,2,60,Delaware Counties,3,0,3,0,410
Dave Barr,K2YG,IN7QPNE-QSO-PARTY,NNJ,SINGLE-OP,QRP,New Providence ARC,6,1,3,110,Delaware Counties,4,1,5,0,1370
John Bednar,K3CT,IN7QPNE-QSO-PARTY,EPA,SINGLE-OP,HIGH,Frankford Radio Club,5,0,1,100,Delaware Counties,5,0,5,0,550
Buzz Kutcher,K3GWK,DE-QSO-PARTY,GA,SINGLE-OP,LOW,South East Contest Club,3,0,2,30,Delaware Counties,2,3,0,0,170
LAWRENCE J ROLL,K3LT,DE-QSO-PARTY,KDE,SINGLE-OP,LOW,Frankford Radio Club,14,0,2,28,States/Provinces,8,0,7,7,498
Tyler Stewart K3MM,K3MM,IN7QPNE-QSO-PARTY,MDC,SINGLE-OP,HIGH,Potomac Valley Radio Club,11,1,1,210,Delaware Counties,8,1,10,0,1730
Drew Vonada-Smith,K3PA,IN7QPNE-QSO-PARTY,KS,SINGLE-OP,HIGH,Kansas City Contest Club,3,0,1,60,Delaware Counties,3,0,3,0,230
Bill Wrbican,K3QP,IN7QPNE-QSO-PARTY,WPA,SINGLE-OP,LOW,Frankford Radio Club,10,0,2,200,Delaware Counties,5,0,10,0,2050
Bill Gillenwater,K3SV,IN7QPNE-QSO-PARTY,WCF,SINGLE-OP,LOW,Florida Contest Group,1,0,2,20,Delaware Counties,1,0,1,0,90
JOHN PESCATORE,K3TN,IN7QPNE-QSO-PARTY,MDC,SINGLE-OP,HIGH,POTOMAC VALLEY RADIO CLUB,2,0,1,40,Delaware Counties,2,0,2,0,130
Thomas J. Warren,K3TW,Delaware QSO Party,NFL,SINGLE-OP,QRP,FLORIDA CONTEST GROUP,4,0,3,80,Delaware Counties,3,0,4,0,770
Tony Austin,K4AMA,IN7QPNE-QSO-PARTY,SC,SINGLE-OP,LOW,(not found),1,0,2,20,Delaware Counties,1,0,1,0,90
John T. Laney III,K4BAI,IN7QPNE-QSO-PARTY,GA,SINGLE-OP,HIGH,South East Contest Club,11,0,1,220,Delaware Counties,8,0,11,0,1810
David Rotenberry,K4DR,IN7QPNE-QSO-PARTY,TN,SINGLE-OP,LOW,Bristol (TN/VA) ARC,5,0,2,80,Delaware Counties,4,2,3,0,690
John A Wulf,K4FT,IN7QPNE-QSO-PARTY,SC,SINGLE-OP,LOW,Swamp Fox Contest Group,11,0,2,220,Delaware Counties,7,0,11,0,3130
George Marzloff,K4GM,IN7QPNE-QSO-PARTY,VA,SINGLE-OP,LOW,Potomac Valley Radio Club,3,0,2,60,Delaware Counties,3,0,3,0,410
Mike Cotton,K4RUM,IN7QPNE-QSO-PARTY,NLI,SINGLE-OP,HIGH,Hudson Valley Contesters and DXers,9,0,1,180,Delaware Counties,5,0,9,0,950
Connie Marshall,K5CM,IN7QPNE-QSO-PARTY,OK,SINGLE-OP,HIGH,,11,2,1,190,Delaware Counties,7,3,8,0,1380
Steve Sauerwein,K5JZZ,DE-QSO-PARTY,OK,SINGLE-OP,LOW,,1,0,2,10,Delaware Counties,1,1,0,0,70
Dale Hiatt,K5MAY,IN7QPNE-QSO-PARTY,NTX,SINGLE-OP,LOW,Lake Area Amateur Radio Klub,2,0,2,20,Delaware Counties,2,2,0,0,130
Jim Baremore,K5QQ,IN7QPNE-QSO-PARTY,MO,SINGLE-OP,LOW,Kansas City Contest Club,12,0,2,240,Delaware Counties,6,0,12,0,2930
Mike Nelson,K5YX,IN7QPNE-QSO-PARTY,NTX,SINGLE-OP,LOW,LAKE AREA AMATEUR RADIO KLUB,3,1,2,60,Delaware Counties,2,0,3,0,290
Monkey Lovers Radio Consortium,K6MMM,IN7QPNE-QSO-PARTY,SCV,SINGLE-OP,HIGH,Pizza Lovers 259,3,0,1,50,Delaware Counties,3,1,2,0,200
John Morris,K7RLD,7QP-QSO-PARTY,WWA,SINGLE-OP,HIGH,Radio Club of Redmond,4,0,1,80,Delaware Counties,4,0,4,0,370
Gerry Treas,K8GT,IN7QPNE-QSO-PARTY,MI,SINGLE-OP,LOW,Mad River Radio Club,4,0,2,80,Delaware Counties,3,0,4,0,530
Marty A. Van De Ven,K8MV,IN7QPNE-QSO-PARTY,SFL,SINGLE-OP,QRP,Florida Contest Group,10,0,3,200,Delaware Counties,5,0,10,0,3050
Robert J Robbins,K8RGI,IN7QPNE-QSO-PARTY,OH,SINGLE-OP,LOW,Cuyahoga ARS,9,0,2,180,Delaware Counties,6,0,9,0,2210
Mike Phipps,K8WU,IN7QPNE-QSO-PARTY,MI,SINGLE-OP,LOW,Who Cares ARG,4,0,2,80,Delaware Counties,3,0,4,0,530
Anthony Luscre,K8ZT,IN7QPNE-QSO-PARTY,OH,SINGLE-OP,QRP,North Coast Contesters,3,0,3,50,Delaware Counties,3,1,2,0,500
Craig Thompson,K9CT,IN7QPNE-QSO-PARTY,IL,SINGLE-OP,HIGH,Society of Midwest Contesters,10,0,1,200,Delaware Counties,8,0,10,0,1650
Andrew White,K9CW,IN7QPNE-QSO-PARTY,IL,SINGLE-OP,LOW,Society of Midwest Contesters,13,0,2,260,Delaware Counties,9,0,13,0,4730
John Kalenowsky,K9JK,DE-QSO-PARTY,IN/IL,SINGLE-OP,LOW,Society of Midwest Contesters,8,0,2,140,Delaware Counties,5,2,6,0,1450
Mike Tessmer,K9NW,IN-QSO-PARTY,IN,SINGLE-OP,HIGH,Mad River Radio Club,3,0,1,60,Delaware Counties,3,0,3,0,230
Pete Walter,K9PW,IN7QPNE-QSO-PARTY,IL,SINGLE-OP,LOW,Society of Midwest Contesters,15,1,2,280,Delaware Counties,6,2,13,0,3410
Matt Arthur,KA0PQW,DE-QSO-PARTY,MN,SINGLE-OP,LOW,Minnesota Wireless Assn,4,0,2,80,Delaware Counties,3,0,4,0,530
Gerry Maira,KA2MGE,IN7QPNE-QSO-PARTY,WNY,CHECKLOG,HIGH,,5,1,1,100,Delaware Counties,3,0,5,0,350
CHUCK HELVERSON,KA3EHL,DE-QSO-PARTY,FL,SINGLE-OP,LOW,FLORIDA CONTEST GROUP,2,0,2,40,Delaware Counties,2,0,2,0,210
Chuck Stroud,KA8HDE,IN7QPNE-QSO-PARTY,MN,SINGLE-OP,LOW,Minnesota Wireless Assn,2,0,2,40,Delaware Counties,2,0,2,0,210
Phil Lefever,KB0NES,IN7QPNE-QSO-PARTY,MN,SINGLE-OP,LOW,Minnesota Wireless Assn,2,0,2,40,Delaware Counties,2,0,2,0,210
William (Bill) Johnson,KB4DE,IN7QPNE-QSO-PARTY,SC,SINGLE-OP,LOW,,3,0,2,60,Delaware Counties,3,0,3,0,410
Stephen C Wood,KC1QEM,NEWE-QSO-PARTY,EMA,SINGLE-OP,LOW,yankee clipper contest club,4,0,2,40,Delaware Counties,2,4,0,0,210
DAVID BEAN,KC2WUF,IN7QPNE-QSO-PARTY,NNJ,SINGLE-OP,LOW,New Providence ARC,4,0,2,60,Delaware Counties,3,2,2,0,410
Steven Keller,KC3DSO,DE-QSO-PARTY,SDE,SINGLE-OP,HIGH,(not found),260,0,1,260,States/Provinces,67,260,0,0,17470
Andrew Milewski,KC3WJW,DE-QSO-PARTY,NDE,SINGLE-OP,LOW,(not found),6,0,2,6,States/Provinces,5,6,0,0,110
Adam Martin,KC3WPT,DE-QSO-PARTY,SDE,SINGLE-OP,LOW,(not found),27,0,2,27,States/Provinces,16,27,0,0,914
TONY DRAKE,KC4OBY,DE-QSO-PARTY,GA,SOF - Single Op Fixed,LOW,(not found),1,0,2,10,Delaware Counties,1,1,0,0,70
Bruce A Fortune,KC7H,7QP-QSO-PARTY,EWA,SINGLE-OP,LOW,,0,0,2,0,Delaware Counties,0,0,0,0,50
Mike Fulcher,KC7V,7QP-QSO-PARTY,AZ,SINGLE-OP,HIGH,Arizona Outlaws Contest Club,11,0,1,220,Delaware Counties,6,0,11,0,1370
Chris Kennell,KC9BKS,IN7QPNE-QSO-PARTY,NFL,SINGLE-OP,LOW,Silver Springs Radio Club,2,0,2,20,Delaware Counties,2,2,0,0,130
Ken Mitchell,KD2KW,IN7QPNE-QSO-PARTY,NTX,SINGLE-OP,LOW,LAKE AREA AMATEUR RADIO KLUB,9,0,2,180,Delaware Counties,6,0,9,0,2210
AL CHUDEK,KD8FS,IN7QPNE-QSO-PARTY,MI,SINGLE-OP,HIGH,NONE,5,0,1,100,Delaware Counties,4,0,5,0,450
MICHAEL DEGNER,KD9KEQ,IN7QPNE-QSO-PARTY,WI,SINGLE-OP,LOW,,4,0,2,40,Delaware Counties,2,4,0,0,210
Dustin Baer,KD9ZUN,IN7QPNE-QSO-PARTY,IL,SINGLE-OP,LOW,,1,0,2,10,Delaware Counties,1,1,0,0,70
Dan Alwin,KE0TT,DE-QSO-Party,(not found),Outside Delaware Station,LOW,,3,0,2,60,Delaware Counties,3,0,3,0,410
ROBERT BEYER,KE2D,IN7QPNE-QSO-PARTY,SNJ,SINGLE-OP,LOW,Frankford Radio Club,8,0,2,160,Delaware Counties,5,0,8,0,1650
Kevin,KE3V,DE-QSO-PARTY,PA,SINGLE-OP,QRP,NAQCC,3,0,3,60,Delaware Counties,2,0,3,0,410
Dave Ivey,KE4EA,DE-QSO-PARTY,SC,SINGLE-OP,HIGH,Swamp Fox Contest Group,4,0,1,80,Delaware Counties,4,0,4,0,370
Tom Glenn Petri,KE4KY,IN7QPNE-QSO-PARTY,KY,SINGLE-OP,LOW,Kentucky Contest Group,3,0,2,60,Delaware Counties,3,0,3,0,410
Ron Wilch,KE8PX,DE-QSO-PARTY,OH,SINGLE-OP,LOW,SENECA RADIO CLUB,3,0,2,50,Delaware Counties,2,1,2,0,250
Ron Ford,KF5OMH,IN7QPNE-QSO-PARTY,NTX,SINGLE-OP,LOW,Lake Area Amateur Radio Klub,3,1,2,30,Delaware Counties,3,3,0,0,230
Jim Price,KG7NV,7QP-QSO-PARTY,NV,MULTI-OP,HIGH,Southern California Contest Club,12,0,1,240,Delaware Counties,7,0,12,0,1730
Fred Sanborn,KG9X,IN7QPNE-QSO-PARTY,IL,SINGLE-OP,LOW,SOCIETY OF MIDWEST CONTESTERS,10,0,2,200,Delaware Counties,7,0,10,0,2850
Marvin Ward,KI5MM,IN7QPNE-QSO-PARTY,NTX,SINGLE-OP,LOW,,5,0,2,50,Delaware Counties,4,5,0,0,450
Lee Zalaznik,KI6OY,IN7QPNE-QSO-PARTY,EB,SINGLE-OP,LOW,,2,0,2,40,Delaware Counties,2,0,2,0,210
Mel Crichton,KJ9C,IN7QPNE-QSO-PARTY,MT,SINGLE-OP,HIGH,Big Sky Contesters,6,0,1,120,Delaware Counties,5,0,6,0,650
Duane Martin,KK4BZ,DE-QSO-PARTY,VA,SINGLE-OP,LOW,Heritage Hunt Hams,1,0,2,10,Delaware Counties,1,1,0,0,70
Dwight Orten,KM4FO,IN7QPNE-QSO-PARTY,KY,SINGLE-OP,LOW,Kentucky Contest Group,5,0,2,100,Delaware Counties,4,0,5,0,850
Robert Fitch,KM4IAJ,IN7QPNE-QSO-PARTY,VA,SINGLE-OP,LOW,Potomac Valley Radio Club,2,0,2,20,Delaware Counties,2,2,0,0,130
Evan Mann,KM4SK,DE-QSO-PARTY,VA,SINGLE-OP,LOW,Sterling Park ARC,4,0,2,60,Delaware Counties,3,2,2,0,410
Joe Kremer,KM8L,DE-QSO-PARTY,WV,SINGLE-OP,HIGH,(not found),7,1,1,130,Delaware Counties,5,1,6,0,700
Armando Delgado,KN4JN,DE-QSO-PARTY,FL,SINGLE-OP,LOW,,2,0,2,40,Delaware Counties,2,0,2,0,210
(not found),KN5W,DE-QSO-PARTY,AR,(not found),LOW,(not found),2,0,2,40,Delaware Counties,2,0,2,0,210
James Marks,KN6VTC,DE-QSO-PARTY,NV,SINGLE-OP,LOW,KARO ECHO,5,0,2,50,Delaware Counties,4,5,0,0,450
Ken Griffith,KS4X,IN7QPNE-QSO-PARTY,TN,SINGLE-OP,LOW,Tennessee Contest Group,2,0,2,40,Delaware Counties,2,0,2,0,210
Keith,KU1N,NEWE-QSO-PARTY,WMA,SINGLE-OP,LOW,Hampden County Radio Association,10,0,2,200,Delaware Counties,5,0,10,0,2050
Jeff Clarke,KU8E,IN7QPNE-QSO-PARTY,GA,SINGLE-OP,HIGH,South East Contest Club,7,0,1,140,Delaware Counties,5,0,7,0,750
Casey Diers,KV3T,IN7QPNE-QSO-PARTY,IL,SINGLE-OP,HIGH,,4,0,1,80,Delaware Counties,4,0,4,0,370
Kevin Alt,KW4EE,IN7QPNE-QSO-PARTY,NC,SINGLE-OP,HIGH,,6,0,1,120,Delaware Counties,4,0,6,0,530
Ed Gibbs,KW4GF,DE-QSO-PARTY,VA,SINGLE-OP,LOW,Potomac Valley ARC,4,0,2,80,Delaware Counties,2,0,4,0,370
Roger Frye,KW5RF,DE_QSO-PARTY,EM26,SINGLE-OP,LOW,(not found),2,0,2,20,Delaware Counties,2,2,0,0,130
Ronald E. Fish,KX1W,IN7QPNE-QSO-PARTY,SNJ,SINGLE-OP,LOW,Frankford Radio Club,1,0,2,20,Delaware Counties,1,0,1,0,90
Amanda Plexico,KY4GS,IN7QPNE-QSO-PARTY,SC,SINGLE-OP,HIGH,South East Contest Club,3,0,1,60,Delaware Counties,3,0,3,0,230
Bob Wright,KZ3P,IN7QPNE-QSO-PARTY,SC,SINGLE-OP,LOW,SWAMP FOX CONTEST GROUP,4,1,2,60,Delaware Counties,4,2,2,0,530
Saulius Zalnerauskas,LY5W,IN7QPNE-QSO-PARTY,DX,SINGLE-OP,HIGH,BALTIC CONTEST CLUB,3,0,1,60,Delaware Counties,3,0,3,0,230
Stephanie,N0YL,IN7QPNE-QSO-PARTY,KS,SINGLE-OP,HIGH,,9,1,1,160,Delaware Counties,5,2,7,0,850
John Nuhibian,N1AU,NEWE-QSO-PARTY,MANOR,SINGLE-OP,HIGH,,2,0,1,40,Delaware Counties,2,0,2,0,130
Peter Dabos,N1CEO,NEWE-QSO-PARTY,EMA,SINGLE-OP,LOW,PART of Westford,3,0,2,50,Delaware Counties,2,1,2,0,250
Rick Pendleton,N1DC,NEWE-QSO-PARTY,EMA,SINGLE-OP,LOW,YANKEE CLIPPER CONTEST CLUB,7,1,2,140,Delaware Counties,3,0,7,0,890
Paul Raiche,N1XI,DE-QSO-PARTY,NC,SINGLE-OP,LOW,(not found),2,0,2,40,Delaware Counties,2,0,2,0,210
Doug,N2BTB,DE-QSO-PARTY,CT,SINGLE-OP,LOW,(not found),1,0,2,10,Delaware Counties,1,1,0,0,70
Robert Cardone,N2EIM,IN7QPNE-QSO-PARTY,NNJ,SINGLE-OP,LOW,,5,0,2,100,Delaware Counties,3,0,5,0,650
Ken Wratten,N2HC,IN7QPNE-QSO-PARTY,SCV,SINGLE-OP,LOW,,0,0,2,0,Delaware Counties,0,0,0,0,50
John Schreiner,N2LK,DE-QSO-PARTY,SDE,SINGLE-OP,HIGH,,182,5,1,364,States/Provinces,56,0,182,0,20434
Matthew Bermudez,N2OIG,DE-QSO-PARTY,NLI,CHECKLOG,LOW,,1,0,2,20,Delaware Counties,1,0,1,0,90
Dan Smith,N2PTF,IN7QPNE-QSO-PARTY,WNY,SINGLE-OP,LOW,,2,0,2,20,Delaware Counties,2,2,0,0,130
Bob Weiman,N2UU,IN7QPNE-QSO-PARTY,SNJ,SINGLE-OP,LOW,,6,0,2,120,Delaware Counties,5,0,6,0,1250
William (Chip) Morgan,N3IW,IN7QPNE-QSO-PARTY,WPA,SINGLE-OP,QRP,Nittany Amateur Radio Club,5,0,3,100,Delaware Counties,3,0,5,0,950
Nick Pellecchia,N3KI,DE-QSO-PARTY,SDE,SINGLE-OP,LOW,NANTICOKE ARC,345,0,2,690,States/Provinces,84,0,345,0,115970
Kay Craigie,N3KN,IN7QPNE-QSO-PARTY,VA,SINGLE-OP,HIGH,Potomac Valley Radio Club,4,1,1,70,Delaware Counties,4,1,3,0,330
Eddie Phillips,N4EMP,DE-QSO-PARTY,AL,SINGLE-OP,LOW,ALABAMA CONTEST GROUP,8,0,2,140,Delaware Counties,6,2,6,0,1730
Tom Foy,N4HAI,IN7QPNE-QSO-PARTY,VA,SINGLE-OP,HIGH,,2,0,1,40,Delaware Counties,1,0,2,0,90
Patricia Carter,N4IU,DE-QSO-PARTY,EPA,SINGLE-OP,LOW,(not found),4,0,2,80,Delaware Counties,2,0,4,0,370
Terry Burkholder,N4TB,IN7QPNE-QSO-PARTY,WCF,SINGLE-OP,LOW,Florida Contest Group,3,0,2,60,Delaware Counties,3,0,3,0,410
Conrad,N4ZQA,IN7QPNE-QSO-PARTY,VA,SINGLE-OP,LOW,Sterling Park ARC,1,0,2,10,Delaware Counties,1,1,0,0,70
Stephen Westfall,N5EP,DE-QSO-PARTY,IL,SINGLE-OP,HIGH,,1,0,1,20,Delaware Counties,1,0,1,0,70
Colin Buckup,N5GG,IN7QPNE-QSO-PARTY,NTX,SINGLE-OP,HIGH,LAARK - Lake Area Amateur Radio Klub,2,0,1,40,Delaware Counties,2,0,2,0,130
willis calkins,N5JDT,IN7QPNE-QSO-PARTY,NM,SINGLE-OP,LOW,,1,0,2,10,Delaware Counties,1,1,0,0,70
Pam Marshall,N5KW,IN7QPNE-QSO-PARTY,OK,SINGLE-OP,HIGH,,11,2,1,190,Delaware Counties,7,3,8,0,1380
Brad Peace,N5PBP,IN7QPNE-QSO-PARTY,STX,SINGLE-OP,LOW,STDXCC,1,0,2,10,Delaware Counties,1,1,0,0,70
Ralph 'Gator' Bowen,N5RZ,IN7QPNE-QSO-PARTY,STX,SINGLE-OP,HIGH,Central Texas DX and Contest Club,9,0,1,180,Delaware Counties,6,0,9,0,1130
Alan J. Plant,N5UM,DE-QSO-PARTY,OK,SINGLE-OP,HIGH,,2,0,1,40,Delaware Counties,2,0,2,0,130
Richard Norton,N6AA,NEQP,(not found),(not found),LOW,SCCC,5,0,2,100,Delaware Counties,5,0,5,0,1050
Larry Brockman,N6AR,IN7QPNE-QSO-PARTY,NFL,SINGLE-OP,HIGH,Florida Contest Group,11,1,1,190,Delaware Counties,8,3,8,0,1570
Tim Goeppinger,N6GP,DE-QSO-PARTY,CA,SINGLE-OP,LOW,Southern California Contest Club,2,0,2,40,Delaware Counties,2,0,2,0,210
John Desloge,N6MU,DE-QSO-PARTY,CA,SINGLE-OP,LOW,SCCC,4,0,2,80,Delaware Counties,3,0,4,0,530
Christopher Tate,N6RO,IN7QPNE-QSO-PARTY,EB,MULTI-OP,HIGH,Northern California Contest Club,5,0,1,100,Delaware Counties,5,0,5,0,550
Lee Finkel,N7A,7QP-QSO-PARTY,AZ,MULTI-OP,HIGH,Arizona Outlaws Contest Club,17,0,1,310,Delaware Counties,8,3,14,0,2530
John Van Dalen,N7AME,DE-QSO-PARTY,WWA,SOF - Single Op Fixed,LOW,Snohomish County Hams Club,1,0,2,10,Delaware Counties,1,1,0,0,70
Dave,N7E,7QP-QSO-PARTY,NV,MULTI-OP,LOW,,3,3,2,60,Delaware Counties,2,0,3,0,290
Eric Olson,N7EPD,7QP-QSO-PARTY,WWA,SINGLE-OP,HIGH,Western Washington DX Club,15,1,1,270,Delaware Counties,8,3,12,0,2210
Jerry Dries,N7HYV,DE-QSO-PARTY,NV,SINGLE-OP,HIGH,(not found),1,0,1,10,Delaware Counties,1,1,0,0,60
Gary Hembree,N7IR,7QP-QSO-PARTY,AZ,SINGLE-OP,LOW,Arizona Outlaws Contest Club,10,0,2,200,Delaware Counties,8,0,10,0,3250
Dick Frey,N7XU,7QP-QSO-PARTY,OR,MULTI-OP,LOW,wvdxc,4,0,2,80,Delaware Counties,3,0,4,0,530
Jeffrey W. Hartley,N8II,IN7QPNE-QSO-PARTY,WV,SINGLE-OP,HIGH,POTOMAC VALLEY RADIO CLUB,9,0,1,170,Delaware Counties,4,1,8,0,730
Ken Hendrickson,N8KH,IN7QPNE-QSO-PARTY,SFL,SINGLE-OP,HIGH,No Group Affiliation,12,0,1,240,Delaware Counties,6,0,12,0,1490
DEREK,N9BCN,IN-QSO-PARTY,IN,MULTI-OP,LOW,PIGLET RADIO INC.,5,1,2,100,Delaware Counties,3,0,5,0,650
Dwight Kellams,N9DEK,DE-QSO-PARTY,IN,SINGLE-OP,LOW,(not found),2,0,2,20,Delaware Counties,2,2,0,0,130
Simon Padgett,N9EIT,IN-QSO-PARTY,IN,SINGLE-OP,HIGH,(not found),3,0,1,30,Delaware Counties,3,3,0,0,140
Paul Zerkel,N9PCS,DE-QSO-PARTY,IL,SINGLE-OP,LOW,(not found),2,0,2,20,Delaware Counties,2,2,0,0,130
PATRICK ARMSTRONG,N9TG,DE-QSO-PARTY,WI,(not found),LOW,FOX CITIES AMATEUR RADIO CLUB,2,0,2,30,Delaware Counties,2,1,1,0,170
Randy,ND0C,DE-QSO-PARTY,MN,SINGLE-OP,QRP,Minnesota Wireless Assn,9,2,3,160,Delaware Counties,5,2,7,0,2450
Paul Smith,ND4X,IN7QPNE-QSO-PARTY,KY,SINGLE-OP,LOW,Kentucky Contest Group,4,0,2,80,Delaware Counties,4,0,4,0,690
Jim Mullen,NE1C,NEWE-QSO-PARTY,VT,MULTI-OP,HIGH,Hampden County Radio Association,6,0,1,110,Delaware Counties,4,1,5,0,490
Downeast Contesters & DXers,NE1QP,NEWE-QSO-PARTY,WMA,MULTI-OP,HIGH,Yankee Clipper Contest Club,16,1,1,300,Delaware Counties,7,2,14,0,2150
Benjamin Johnson,NE2R,IN7QPNE-QSO-PARTY,SNJ,SINGLE-OP,LOW,Frankford Radio Club,9,0,2,180,Delaware Counties,4,0,9,0,1490
George Randolph,NE5A,IN7QPNE-QSO-PARTY,OK,SINGLE-OP,LOW,,4,0,2,80,Delaware Counties,3,0,4,0,530
Mike Polom,NE8P,IN7QPNE-QSO-PARTY,NFL,SINGLE-OP,HIGH,Florida Contest Group,12,0,1,240,Delaware Counties,7,0,12,0,1730
Frank Maynard,NF8M,IN7QPNE-QSO-PARTY,MI,SINGLE-OP,LOW,Mad River Radio Club,1,0,2,20,Delaware Counties,1,0,1,0,90
Stephen Wolfe,NI8W,IN7QPNE-QSO-PARTY,OH,SINGLE-OP,QRP,NAQCC,3,0,3,60,Delaware Counties,3,0,3,0,590
Mark Anderson,NM2A,IN7QPNE-QSO-PARTY,WNY,SINGLE-OP,LOW,,5,0,2,100,Delaware Counties,4,0,5,0,850
Eric Silverthorn,NM5M,IN7QPNE-QSO-PARTY,NTX,SINGLE-OP,HIGH,DFW Contest Group,2,0,1,40,Delaware Counties,2,0,2,0,130
Kevin Kane,NN3E,DE-QSO-PARTY,MD,SINGLE-OP,QRP,NAQCC,0,0,3,0,Delaware Counties,0,0,0,0,50
Larry Abelkop,NN4SS,IN7QPNE-QSO-PARTY,SC,SINGLE-OP,HIGH,Swamp Fox Contest Group,3,0,1,60,Delaware Counties,2,0,3,0,170
Todd Goins,NR0P,DE-QSO-PARTY,KS,SINGLE-OP,HIGH,(not found),10,0,1,170,Delaware Counties,7,3,7,0,1240
Trina Koenig,NR4L,IN7QPNE-QSO-PARTY,TN,SINGLE-OP,HIGH,Tennessee Contest Group,4,1,1,80,Delaware Counties,4,0,4,0,370
Morgan Bailey,NS0R,IN7QPNE-QSO-PARTY,KS,SINGLE-OP,HIGH,Kansas City Contest Club,13,0,1,230,Delaware Counties,8,3,10,0,1890
Bart Campbell,NS4X,IN7QPNE-QSO-PARTY,TN,SINGLE-OP,HIGH,TENNESSEE CONTEST GROUP,3,0,1,60,Delaware Counties,3,0,3,0,230
Mike Baker,NT6X,IN7QPNE-QSO-PARTY,ORG,SINGLE-OP,HIGH,Dawn Patrol Surf Club,0,0,1,0,Delaware Counties,0,0,0,0,50
Kenneth,NU3A,DE-QSO-PARTY,NDE,SINGLE-OP,LOW,First State Amateur Radio Club,395,10,2,764,States/Provinces,82,26,369,0,125346
Mitch Odneal,NW0M,IN7QPNE-QSO-PARTY,MO,SINGLE-OP,LOW,Kansas City Contest Club,6,0,2,120,Delaware Counties,5,0,6,0,1250
Chris Blake,NX4N,IN7QPNE-QSO-PARTY,SFL,SINGLE-OP,LOW,FLORIDA CONTEST GROUP,1,0,2,20,Delaware Counties,1,0,1,0,90
JASON CORRIVEAU,NZ1U,NEWE-QSO-PARTY,WMA,SINGLE-OP,LOW,YANKEE CLIPPER CONTEST CLUB,3,1,2,60,Delaware Counties,2,0,3,0,290
Vegh Laszlo,OM2VL,IN7QPNE-QSO-PARTY,DX,SINGLE-OP,HIGH,Slovak Contest Group,19,2,1,330,Delaware Counties,10,5,14,0,3350
stan dzwoniarski,SP6JOE,DE-QSO-PARTY,DX,SINGLE-OP,LOW,SP DX CLUB,4,0,2,80,Delaware Counties,3,0,4,0,530
ALEX MISLAVSKY,UR7EC,IN7QPNE-QSO-PARTY,DX,SINGLE-OP,LOW,,0,0,2,0,Delaware Counties,0,0,0,0,50
ALAN PROSSER,VA1MM,IN7QPNE-QSO-PARTY,NS,SINGLE-OP,HIGH,,8,0,1,150,Delaware Counties,7,1,7,0,1100
John Beres,VA3FN,IN7QPNE-QSO-PARTY,ONS,SINGLE-OP,LOW,,4,0,2,80,Delaware Counties,3,0,4,0,530
John Klassen,VA3IJK,IN7QPNE-QSO-PARTY,ONS,SINGLE-OP,LOW,,5,0,2,80,Delaware Counties,3,2,3,0,530
Michael Wagoner,VA3MWF,IN7QPNE-QSO-PARTY,ONS,SINGLE-OP,LOW,KWARC,3,0,2,50,Delaware Counties,2,1,2,0,250
Mike Spenuk,VA3SP,IN7QPNE-QSO-PARTY,ONE,SINGLE-OP,LOW,Contest Club Ontario,5,0,2,100,Delaware Counties,3,0,5,0,650
KEVIN CLEMENTS,VA6RCN,IN7QPNE-QSO-PARTY,AB,SINGLE-OP,LOW,CONTEST CLUB ONTARIO,5,1,2,100,Delaware Counties,4,0,5,0,850
Stu Hayes,VE1RGO,IN7QPNE-QSO-PARTY,NS,SINGLE-OP,LOW,Maritime Contest Club,4,0,2,50,Delaware Counties,3,3,1,0,350
Louis Carrier,VE2EZD,IN7QPNE-QSO-PARTY,QC,SINGLE-OP,LOW,Contest Group du Quebec,3,0,2,60,Delaware Counties,3,0,3,0,410
DUB,VE2FK,IN7QPNE-QSO-PARTY,QC,SINGLE-OP,HIGH,Contest Group du Quebec,3,0,1,60,Delaware Counties,3,0,3,0,230
Pierre Jolin,VE2GT,DE-QSO-PARTY,QC,SINGLE-OP,LOW,FLORIDA CONTEST GROUP,4,0,2,80,Delaware Counties,2,0,4,0,370
Jeff Hetherington,VE3CW,DE-QSO-PARTY,ON,SINGLE-OP,QRP,Contest Club Ontario,4,0,3,80,Delaware Counties,3,0,4,0,770
Don,VE3DQN,DE-QSO-PARTY,ON,SINGLE-OP,QRP,CCO,2,0,3,40,Delaware Counties,2,0,2,0,290
Harry Niezen,VE3HZ,IN7QPNE-QSO-PARTY,ONS,SINGLE-OP,LOW,Contest Club Ontario,8,0,2,120,Delaware Counties,3,4,4,0,770
Ron Baker,VE3SIF,IN7QPNE-QSO-PARTY,ONS,SINGLE-OP,QRP,,4,0,3,80,Delaware Counties,2,0,4,0,530
STAN LESCHINSKY,VE3TW,IN7QPNE-QSO-PARTY,GH,SINGLE-OP,HIGH,CONTEST CLUB ONTARIO,7,0,1,130,Delaware Counties,4,1,6,0,570
Vic DiCiccio,VE3YT,IN7QPNE-QSO-PARTY,ONS,SINGLE-OP,HIGH,Contest Club Ontario,7,0,1,130,Delaware Counties,5,1,6,0,700
Todd Bendtsen,VE5MX,IN7QPNE-QSO-PARTY,SK,SINGLE-OP,HIGH,Saskatchewan Contest Club,10,0,1,200,Delaware Counties,8,0,10,0,1650
CARESS,VE7SCC,IN7QPNE-QSO-PARTY,BC,SINGLE-OP,HIGH,CARESS - Coquitlam Amateur Radio Club,10,1,1,190,Delaware Counties,6,1,9,0,1190
Jim,VE7ZO,IN7QPNE-QSO-PARTY,BC,SINGLE-OP,HIGH,Orca DX and Contest,7,0,1,140,Delaware Counties,5,0,7,0,750
Robert L. Wortman,VE9RLW,DE-QSO-PARTY,NB,SINGLE-OP,LOW,(not found),1,0,2,10,Delaware Counties,1,1,0,0,70
BOB HARDER,W0BH,DE-QSO-PARTY,KS,SINGLE-OP,LOW,,2,1,2,40,Delaware Counties,2,0,2,0,210
Gene Olson,W0PI,IN7QPNE-QSO-PARTY,MN,SINGLE-OP,LOW,Minnesota Wireless Assn,13,1,2,210,Delaware Counties,7,5,8,0,2990
Jim Snell,W0PMO,IN7QPNE-QSO-PARTY,MN,SINGLE-OP,LOW,Minnesota Wireless Assn,1,0,2,10,Delaware Counties,1,1,0,0,70
Art Tolda,W1AJT,IN7QPNE-QSO-PARTY,NC,SINGLE-OP,HIGH,Contest Club Ontario,5,0,1,100,Delaware Counties,4,0,5,0,450
Maxim Memoriaql Station W1AW,W1AW,NEWE-QSO-PARTY,CT,MULTI-OP,HIGH,,7,0,1,120,Delaware Counties,3,2,5,0,410
Larry Banks,W1DYJ,NEQP,EMA,SINGLE-OP,LOW,Yankee Clipper Contest Club,4,0,2,80,Delaware Counties,3,0,4,0,530
Jacob Handwerker,W1FM,NEWE-QSO-PARTY,EMA,MULTI-OP,HIGH,Yankee Clipper Contest Club,6,0,1,110,Delaware Counties,4,1,5,0,490
Dan Fegley,W1QK,NEWE-QSO-PARTY,CT,SINGLE-OP,LOW,Candlewood ARA,8,0,2,160,Delaware Counties,5,0,8,0,1650
Steve Golson,W1SEG,DE_QSO-PARTY,ME,CHECKLOG,LOW,,7,0,2,70,Delaware Counties,3,7,0,0,470
Mike Kerezsi,W3ASW,DE-QSO-PARTY,NDE,SINGLE-OP,LOW,Frankford Radio Club,341,0,2,682,States/Provinces,78,0,341,0,106442
JOHN ENRIGHT,W3JWE,DE-QSO-PARTY,SDE,SINGLE-OP,LOW,(not found),44,0,2,44,States/Provinces,21,44,0,0,1898
John,W3SA,IN7QPNE-QSO-PARTY,NC,SINGLE-OP,HIGH,Carolina DX Association,5,0,1,100,Delaware Counties,4,0,5,0,450
Theodore W. Edwards Jr.,W3TB,IN7QPNE-QSO-PARTY,TN,SINGLE-OP,LOW,Tennessee Contest Group,3,0,2,60,Delaware Counties,3,0,3,0,410
Steven Keller,W3TBG,DE-QSO-PARTY,SDE,SINGLE-OP,LOW,Naticoke ARC,48,0,2,48,States/Provinces,24,48,0,0,2354
Rusty Schlagheck,W3US,IN7QPNE-QSO-PARTY,NFL,SINGLE-OP,HIGH,Florida Contest Group,5,0,1,100,Delaware Counties,4,0,5,0,450
Saul Broudy,W3WHK,IN7QPNE-QSO-PARTY,EPA,SINGLE-OP,LOW,Frankford Radio Club,6,0,2,120,Delaware Counties,4,0,6,0,1010
Alan Fitzsimmons,W4ANT,DE-QSO-PARTY,SC,SINGLE-OP,HIGH,Swamp Fox Contest Group,5,0,1,90,Delaware Counties,4,1,4,0,410
Catherine Goodrich,W4CMG,IN7QPNE-QSO-PARTY,TN,SINGLE-OP,HIGH,Tennessee Contest Group,3,0,1,60,Delaware Counties,3,0,3,0,230
Lauren Ware,W4LEW,IN7QPNE-QSO-PARTY,VA,SINGLE-OP,LOW,Central Virginia Contest Club,5,0,2,90,Delaware Counties,3,1,4,0,590
Avery,W4QYV,DE-QSO-PARTY,SC,SINGLE-OP,LOW,Carolina SideWinders,1,0,2,10,Delaware Counties,1,1,0,0,70
Frank Stein,W4TG,IN7QPNE-QSO-PARTY,VA,MULTI-OP,LOW,Potomac Valley Radio Club,2,0,2,40,Delaware Counties,1,0,2,0,130
Howdy Goudey,W6ECK,DE-QSO-PARTY,CA,SINGLE-OP,LOW,KARO ECHO,2,0,2,20,Delaware Counties,2,2,0,0,130
Jim Duffy,W6EU,IN7QPNE-QSO-PARTY,SV,SINGLE-OP,HIGH,Northern California Contest Club,1,0,1,20,Delaware Counties,1,0,1,0,70
Charles K. Epps,W6OAT,7QP-QSO-PARTY,WWA,SINGLE-OP,HIGH,Western Washington DX Club,14,0,1,280,Delaware Counties,6,0,14,0,1730
Rick Casey,W6RKC,IN7QPNE-QSO-PARTY,(not found),SINGLE-OP,HIGH,Mother Lode DX/Contest Club,2,0,1,40,Delaware Counties,2,0,2,0,130
Hank Garretson,W6SX,IN7QPNE-QSO-PARTY,SJV,SINGLE-OP,HIGH,Northern California Contest Club,5,0,1,100,Delaware Counties,3,0,5,0,350
Michael Steene,W7GF,DE-QSO-PARTY,OR,SINGLE-OP,LOW,,3,0,2,60,Delaware Counties,2,0,3,0,290
Rory Locke,W8KNX,DE-QSO-PARTY,EN83DT,SINGLE-OP,LOW,South Lyon Area Amateur Radio Club,1,0,2,10,Delaware Counties,1,1,0,0,70
John Holmes,W9ILY,IN7QPNE-QSO-PARTY,IL,SINGLE-OP,LOW,Metro DX Club,8,0,2,160,Delaware Counties,7,0,8,0,2290
David Pritchard,W9QL,IN7QPNE-QSO-PARTY,IL,SINGLE-OP,HIGH,Society of Midwest Contesters,9,0,1,160,Delaware Counties,6,2,7,0,1010
Jay Kraus,W9TC,IN-QSO-PARTY,IN,SINGLE-OP,HIGH,Indianapolis Radio Club,4,0,1,80,Delaware Counties,4,0,4,0,370
Erich Schwarz,W9TCV,IN7QPNE-QSO-PARTY,NFL,SINGLE-OP,LOW,,3,1,2,30,Delaware Counties,3,3,0,0,230
Dale Hammer,W9VW,IN-QSO-PARTY,IN,MULTI-OP,HIGH,Society of Midwest Contesters,9,0,1,150,Delaware Counties,4,3,6,0,650
DAVE,W9WE,IN7QPNE-QSO-PARTY,IL,SINGLE-OP,LOW,SOCIETY OF MIDWEST CONTESTERS,3,0,2,60,Delaware Counties,3,0,3,0,410
Ann M. Finkelsen,WA1S,IN7QPNE-QSO-PARTY,NFL,SINGLE-OP,LOW,FLORIDA CONTEST GROUP,4,0,2,70,Delaware Counties,3,1,3,0,470
Joel Huntley,WA1ZYX,NEWE-QSO-PARTY,NH,SINGLE-OP,HIGH,Cheshire County DX ARC,3,0,1,30,Delaware Counties,2,3,0,0,110
Dom Fusca,WA2GOT,IN7QPNE-QSO-PARTY,ENY,SINGLE-OP,HIGH,Hudson Valley Contesters and DXers,1,0,1,10,Delaware Counties,1,1,0,0,60
MELHADO,WA2JQK,IN7QPNE-QSO-PARTY,ENY,SINGLE-OP,LOW,Hudson Valley Contesters and DXers,6,0,2,120,Delaware Counties,5,0,6,0,1250
Cliff,WA2LMC,IN7QPNE-QSO-PARTY,NC,SINGLE-OP,LOW,,3,0,2,60,Delaware Counties,3,0,3,0,410
Grant MacAvoy,WA3AAN,IN7QPNE-QSO-PARTY,EPA,SINGLE-OP,HIGH,Frankford Radio Club,2,0,1,40,Delaware Counties,2,0,2,0,130
Ted Bauer,WA3AER,IN7QPNE-QSO-PARTY,MDC,SINGLE-OP,HIGH,Potomac Valley Radio CLub,6,0,1,120,Delaware Counties,5,0,6,0,650
BRUCE GOLDSTEIN,WA3AFS,DE-QSO-PARTY,ENY,SINGLE-OP,HIGH,HUDSON VALLEY CONTESTERS AND DXERS,2,0,1,40,Delaware Counties,2,0,2,0,130
Chet,WA3I,DE-QSO-PARTY,NDE,SINGLE-OP,LOW,First State ARC,190,9,2,380,States/Provinces,58,0,190,0,44130
Richard C. Gaus Jr.,WA3INC,IN7QPNE-QSO-PARTY,NY,SINGLE-OP,LOW,(not found),4,0,2,80,Delaware Counties,2,0,4,0,370
David Moskowitz,WA3TVZ,DE-QSO-PARTY,SDE,SINGLE-OP,LOW,Delaware-Lehigh Amateur Radio Club,58,0,2,58,States/Provinces,28,58,0,0,3298
JOHN U ALMON,WA4JA,DE-QSO-PARTY,TN,SINGLE-OP,LOW,TENNESSEE CONTEST GROUP,5,0,2,50,Delaware Counties,4,5,0,0,450
Joe Price,WA4LDU,IN7QPNE-QSO-PARTY,SC,SINGLE-OP,LOW,Swamp Fox Contest Group,3,0,2,50,Delaware Counties,2,1,2,0,250
Robert E. Burris,WA5SOG,IN7QPNE-QSO-PARTY,AR,SINGLE-OP,LOW,Ft. Smith ARC,5,0,2,80,Delaware Counties,2,2,3,0,370
Dennis Cobb,WA8ZBT,IN7QPNE-QSO-PARTY,NTX,SINGLE-OP,LOW,DFW Contest Group,6,1,2,110,Delaware Counties,4,1,5,0,930
Lee Swanson,WA9LEY,IN7QPNE-QSO-PARTY,IL,SINGLE-OP,LOW,Society of Midwest Contesters,5,0,2,100,Delaware Counties,5,0,5,0,1050
Paul Kemp,WB0CJB,IN7QPNE-QSO-PARTY,TN,SINGLE-OP,LOW,,4,0,2,80,Delaware Counties,3,0,4,0,530
Michael Marx,WB0SND,IN7QPNE-QSO-PARTY,MO,SINGLE-OP,HIGH,,2,0,1,40,Delaware Counties,2,0,2,0,130
Mike Hasselbeck,WB2FKO,DEQP,NFL,SINGLE-OP,LOW,(not found),6,0,2,120,Delaware Counties,6,0,6,0,1490
Michael Moran,WB2FUV,IN7QPNE-QSO-PARTY,ENY,SINGLE-OP,LOW,HUDSON VALLEY CONTESTERS AND DXERS,4,0,2,80,Delaware Counties,3,0,4,0,530
Robert Schaps,WB2NVR,IN7QPNE-QSO-PARTY,ENY,SINGLE-OP,LOW,Yankee Clipper Contest Club,3,0,2,60,Delaware Counties,2,0,3,0,290
David Mitchell,WB2PJH,IN7QPNE-QSO-PARTY,NNJ,SINGLE-OP,HIGH,Frankford Radio Club,3,0,1,60,Delaware Counties,3,0,3,0,230
Ron Simon,WB3X,IN7QPNE-QSO-PARTY,SC,SINGLE-OP,LOW,Swamp Fox Contest Group,6,0,2,120,Delaware Counties,4,0,6,0,1010
ED OVERCASH,WB4HRL,IN7QPNE-QSO-PARTY,SC,SINGLE-OP,HIGH,SWAMP FOX CONTEST GROUP,2,0,1,40,Delaware Counties,2,0,2,0,130
Ken Paine,WB5SKM,IN7QPNE-QSO-PARTY,MS,SINGLE-OP,HIGH,599 DX Association,9,0,1,150,Delaware Counties,5,3,6,0,800
Bob Harris,WB7BWZ,7QP-QSO-PARTY,MT,SINGLE-OP,LOW,Big Sky Contesters,2,0,2,40,Delaware Counties,2,0,2,0,210
Mark E. Musick,WB9CIF,IN-QSO-PARTY,IN,SINGLE-OP,HIGH,,6,0,1,100,Delaware Counties,4,2,4,0,450
Mark A. Prather,WB9HFK,IN7QPNE-QSO-PARTY,IL,SINGLE-OP,LOW,Society of Midwest Contesters,12,0,2,220,Delaware Counties,8,2,10,0,3570
Steve Hawkins,WI5D,IN7QPNE-QSO-PARTY,MO,SINGLE-OP,LOW,Kansas City Contest Club,2,0,2,30,Delaware Counties,2,1,1,0,170
John Evanson,WJ1U,NEWE-QSO-PARTY,NH,SINGLE-OP,LOW,Yankee Clipper Contest Club,10,3,2,190,Delaware Counties,5,1,9,0,1950
Michael Johnson,WO9B,IN7QPNE-QSO-PARTY,WI,SINGLE-OP,LOW,West Allis RAC,1,0,2,20,Delaware Counties,1,0,1,0,90
Carl Clawson,WS7L,7QP-QSO-PARTY,WWA,CHECKLOG,HIGH,Willamette Valley DX Club,8,0,1,160,Delaware Counties,4,0,8,0,690
Jim Walter,WT9U,IN-QSO-PARTY,IN,SINGLE-OP,LOW,Goshen ARC,7,0,2,120,Delaware Counties,3,2,5,0,770
Ron,WV4P,IN7QPNE-QSO-PARTY,TN,SINGLE-OP,HIGH,Tennessee Contest Group,16,2,1,310,Delaware Counties,10,1,15,0,3150
Glenn Biggerstaff,WW4B,IN7QPNE-QSO-PARTY,NFL,SINGLE-OP,HIGH,,1,0,1,20,Delaware Counties,1,0,1,0,70
Jim Wilhelm,WW5L,IN7QPNE-QSO-PARTY,LA,SINGLE-OP,HIGH,,8,0,1,140,Delaware Counties,5,2,6,0,750
